令和5年,介護サービス施設・事業所調査,令和5年10月１日,
閲覧表　介護保険施設,【詳細票】　第32表　介護老人保健施設の従事者数，都道府県、職種（常勤（専従－兼務）－非常勤）別
,総　　数,,,,医師,,,,歯科医師,,,,薬剤師,,,,看護師,,,,准看護師,,,,介護職員,,,,介護福祉士(再掲),,,,支援相談員,,,,社会福祉士(再掲),,,,理学療法士,,,,作業療法士,,,,言語聴覚士,,,,管理栄養士,,,,栄養士,,,,歯科衛生士,,,,介護支援専門員,,,,調理員,,,,その他の職員,,,
,総　数,常　　勤,,非常勤,総数,常勤,,非常勤,総数,常勤,,非常勤,総数,常勤,,非常勤,総数,常勤,,非常勤,総数,常勤,,非常勤,総数,常勤,,非常勤,総数,常勤,,非常勤,総数,常勤,,非常勤,総数,常勤,,非常勤,総数,常勤,,非常勤,総数,常勤,,非常勤,総数,常勤,,非常勤,総数,常勤,,非常勤,総数,常勤,,非常勤,総数,常勤,,非常勤,総数,常勤,,非常勤,総数,常勤,,非常勤,総数,常勤,,非常勤
,,専　従,兼　務,,,専従,兼務,,,専従,兼務,,,専従,兼務,,,専従,兼務,,,専従,兼務,,,専従,兼務,,,専従,兼務,,,専従,兼務,,,専従,兼務,,,専従,兼務,,,専従,兼務,,,専従,兼務,,,専従,兼務,,,専従,兼務,,,専従,兼務,,,専従,兼務,,,専従,兼務,,,専従,兼務,
　　全　　　国,270426,169309,42489,58629,8477,2156,2949,3373,88,8,16,64,3571,154,791,2626,31640,20878,2958,7805,16486,11323,1086,4078,125091,96939,6946,21207,81612,68933,3999,8680,10931,7008,3406,518,3476,2449,869,158,14854,5172,7672,2011,9215,3323,4456,1436,2756,707,1315,734,6278,3976,1867,435,940,607,265,68,706,191,201,314,8416,3880,4157,378,8699,3682,1334,3683,22277,9306,3071,9901
　　北　海　道,11535,7765,2028,1741,266,97,106,63,1,-,-,1,63,3,17,42,1257,958,126,173,733,584,42,107,5653,4606,301,745,4016,3545,149,322,513,312,185,16,176,107,63,6,636,149,445,42,415,139,243,32,110,27,58,25,235,145,77,14,18,10,8,1,21,5,6,9,399,179,211,10,173,84,27,62,1044,466,177,401
　　青　　　森,3736,2633,596,507,101,37,33,32,1,-,-,1,50,3,6,40,282,243,9,29,307,235,41,31,1575,1384,24,166,1202,1128,15,59,157,85,68,3,36,26,8,1,109,22,76,11,189,64,109,16,42,6,28,7,85,53,27,5,33,18,14,1,12,2,5,4,114,45,66,2,194,134,29,31,487,300,59,127
　　岩　　　手,4002,3050,498,453,106,33,39,34,4,-,1,3,39,1,7,31,478,389,33,56,288,231,15,43,1843,1690,23,129,1462,1396,18,48,159,116,40,2,43,34,9,-,169,81,85,3,158,66,84,7,20,5,13,2,104,73,29,2,10,9,1,-,12,6,3,2,116,67,48,1,151,79,30,43,344,203,46,95
　　宮　　　城,6721,4662,942,1117,200,50,61,90,1,1,-,-,42,-,13,29,641,516,42,83,362,278,23,62,3307,2735,123,450,2276,1991,96,190,262,177,77,7,77,54,21,3,351,164,158,29,254,106,130,18,75,25,37,13,153,104,43,5,26,19,6,1,18,5,8,4,204,109,87,8,244,101,60,83,581,272,73,235
　　秋　　　田,3487,2593,537,357,86,35,27,25,2,-,-,2,44,4,8,32,375,295,46,33,203,171,10,22,1620,1412,88,120,1237,1142,50,45,156,94,58,4,39,33,5,-,128,45,73,10,137,70,60,6,18,4,14,-,72,57,14,1,16,12,3,1,14,8,3,3,110,46,61,2,156,105,20,31,347,234,50,64
　　山　　　形,3040,2211,462,367,98,15,38,45,1,1,-,-,7,1,2,4,324,247,17,60,159,132,5,22,1482,1322,37,123,1107,1035,28,44,128,75,48,5,33,20,11,2,123,49,58,16,151,71,73,7,20,9,8,3,67,46,20,1,18,10,8,-,8,3,3,2,119,38,81,-,153,95,31,27,182,97,33,52
　　福　　　島,5305,3504,960,841,195,33,74,88,2,-,-,2,87,3,14,70,547,431,48,69,383,268,55,60,2387,2003,120,264,1782,1556,104,122,212,125,84,3,73,48,23,2,284,90,171,23,164,55,102,7,49,12,28,9,123,67,51,4,33,20,13,-,12,1,7,4,186,72,111,3,208,132,20,57,434,192,63,178
　　茨　　　城,8441,5216,1485,1739,221,74,84,62,4,1,-,3,127,3,27,97,935,587,130,218,593,372,40,181,3799,3048,229,522,2064,1754,109,201,315,184,123,9,85,56,27,2,519,161,279,79,250,80,137,33,111,32,59,19,192,117,62,12,40,26,13,1,6,2,-,4,231,96,122,14,390,185,59,145,707,246,122,339
　　栃　　　木,3680,2516,500,663,123,27,55,41,2,-,1,1,65,2,19,44,412,329,11,73,260,201,3,57,1803,1479,65,258,1122,961,52,109,167,110,48,10,68,46,19,3,160,57,87,16,111,36,58,17,39,13,17,10,87,61,20,6,6,5,-,1,3,1,1,1,145,73,66,6,47,30,6,11,249,94,42,113
　　群　　　馬,5258,3110,1023,1125,213,47,84,82,1,-,-,1,110,-,36,74,488,330,57,101,364,267,24,73,2276,1765,108,403,1480,1246,91,143,226,134,86,6,69,42,26,1,370,96,231,43,169,34,100,34,77,12,33,32,153,86,53,14,32,22,10,-,23,11,7,6,179,83,90,6,191,63,45,83,386,160,57,169
　　埼　　　玉,13215,7858,1775,3583,375,117,92,166,4,-,-,4,218,16,16,186,1531,890,143,499,792,459,83,251,6101,4566,269,1266,3786,3176,90,520,495,364,108,24,182,142,29,12,806,254,412,140,456,170,203,83,152,36,69,47,278,176,74,28,53,35,15,2,28,9,5,14,344,204,110,30,292,95,26,170,1289,466,150,672
　　千　　　葉,11426,7360,1286,2780,302,96,86,120,-,-,-,-,125,3,21,101,1342,894,77,370,600,397,12,191,5332,4212,200,921,3335,2891,60,384,422,302,91,29,105,75,21,10,696,268,313,115,347,140,147,61,107,27,48,33,247,176,65,7,60,37,15,8,11,4,5,1,277,180,88,9,418,156,47,215,1140,467,73,600
　　東　　　京,16443,10309,1776,4358,495,150,115,230,5,-,1,4,170,9,38,122,2138,1248,168,723,696,421,33,243,7666,5907,197,1561,4827,4058,141,628,636,460,136,40,238,184,41,14,909,448,328,133,537,258,188,91,196,70,71,56,320,225,84,11,44,31,13,1,30,9,4,16,438,272,142,23,454,111,57,286,1709,690,200,819
　　神　奈　川,15680,7701,3132,4846,549,74,147,328,2,-,-,2,225,16,23,186,2210,974,313,923,564,250,67,247,7500,4739,969,1792,4508,3112,529,867,575,367,186,22,160,120,38,2,854,166,523,164,611,112,365,135,185,21,94,70,309,173,113,24,17,5,10,2,30,7,-,23,400,232,152,16,238,86,18,133,1410,481,152,778
　　新　　　潟,6965,3809,2126,1029,189,32,99,59,1,-,-,1,66,3,26,37,844,459,255,129,408,219,103,86,3340,2388,574,378,2637,1981,475,181,266,140,113,13,109,68,38,3,321,65,237,19,196,56,125,16,91,18,63,11,143,82,59,2,8,4,4,-,15,1,6,7,254,80,165,9,226,65,97,64,597,199,200,199
　　富　　　山,3035,2020,365,650,102,27,31,44,1,-,-,1,45,2,10,33,356,269,4,83,232,174,6,51,1399,1101,47,251,1001,831,35,135,101,75,20,5,25,20,3,1,131,74,52,4,122,49,57,16,19,9,9,2,68,47,17,4,15,15,-,-,12,3,3,5,116,32,78,5,106,56,14,36,211,88,16,107
　　石　　　川,2727,1833,494,400,84,23,40,21,1,-,-,1,32,-,6,26,327,227,60,40,184,151,1,32,1310,1044,125,141,874,806,22,46,114,67,45,2,47,29,17,1,92,36,54,2,97,27,62,9,17,2,10,5,68,51,15,2,9,7,-,1,5,-,2,2,90,29,58,2,63,38,-,26,234,130,16,88
　　福　　　井,2291,1425,369,496,78,10,42,26,1,-,1,-,33,1,6,26,232,174,12,45,156,111,5,41,1117,884,45,188,744,613,42,89,82,50,32,1,25,18,7,-,83,41,39,3,55,21,23,11,34,7,17,10,54,32,17,6,20,6,14,1,6,1,1,3,90,25,62,3,62,12,14,36,188,51,42,96
　　山　　　梨,1886,1163,318,405,60,14,23,23,4,2,-,2,29,2,7,20,231,137,29,65,131,88,5,38,920,663,107,150,452,399,5,47,76,44,25,7,20,11,7,1,89,35,40,13,53,18,27,8,9,1,7,1,46,26,17,4,9,7,-,2,6,2,2,2,39,27,11,1,45,21,-,25,137,76,18,43
　　長　　　野,5966,3811,810,1345,231,55,75,101,3,-,2,1,89,6,36,48,705,460,47,198,317,236,7,75,2760,2165,88,507,1985,1650,77,257,226,150,62,13,79,58,14,7,305,128,129,48,227,117,70,40,67,22,27,18,147,96,36,16,22,14,6,2,26,4,8,13,224,89,120,14,186,88,37,61,431,180,61,189
　　岐　　　阜,4454,2761,654,1039,163,42,63,57,1,-,-,1,65,2,18,45,502,334,45,124,309,203,14,92,2191,1599,154,438,1187,965,24,198,170,107,48,15,50,39,7,5,252,96,124,32,128,64,52,13,29,13,6,10,109,63,32,14,21,15,1,5,17,3,5,9,132,63,50,18,102,54,7,41,263,102,36,125
　　静　　　岡,8744,5508,792,2444,311,85,67,159,3,-,-,3,143,7,14,123,1127,699,19,409,489,301,15,173,4132,3126,126,880,2578,2107,98,374,362,250,87,25,89,68,17,3,450,218,150,82,211,100,58,53,59,20,19,19,195,155,30,11,31,27,2,1,45,16,9,20,255,111,122,22,284,118,18,148,645,274,56,316
　　愛　　　知,13057,7670,2293,3093,393,88,143,163,2,-,-,2,211,4,39,167,1636,1120,108,408,731,492,42,198,6014,4631,215,1168,3456,2843,156,457,594,351,204,39,248,162,70,17,840,156,554,130,502,84,309,109,176,15,121,40,317,165,121,30,21,13,3,4,29,9,9,11,420,128,273,19,333,129,37,166,835,284,115,436
　　三　　　重,4839,3172,396,1272,139,54,24,62,2,1,1,-,74,4,11,59,590,401,21,167,287,203,1,82,2281,1845,27,409,1457,1301,18,138,201,127,51,22,66,44,12,11,329,124,96,108,128,49,26,54,34,12,9,14,118,89,19,10,13,6,2,4,9,2,4,2,122,59,57,6,82,42,10,31,430,152,37,241
　　滋　　　賀,2076,1342,228,506,65,14,22,30,1,-,-,1,36,2,7,27,281,204,13,65,66,39,3,24,1007,775,32,200,768,635,20,113,85,66,15,5,30,24,5,1,116,46,55,16,80,42,20,17,14,3,9,1,57,36,20,-,1,-,1,-,7,-,1,6,58,41,15,2,32,7,-,25,170,67,15,88
　　京　　　都,5373,3297,816,1260,168,43,48,77,-,-,-,-,91,3,26,62,681,435,46,199,262,142,20,100,2613,1943,196,475,1683,1361,135,187,226,132,84,10,63,38,20,5,308,162,115,32,136,64,61,11,70,28,26,16,123,77,37,9,23,9,11,2,14,-,2,11,181,84,87,10,151,39,15,97,327,136,42,150
　　大　　　阪,14598,9314,1899,3384,437,164,101,172,3,-,1,2,149,10,39,99,2070,1365,152,552,771,512,29,231,6923,5252,287,1384,4082,3496,78,507,633,470,135,28,176,144,22,10,1082,376,549,157,449,167,211,70,146,45,52,50,330,226,81,23,12,5,7,-,12,7,-,5,438,251,167,20,199,43,23,134,944,421,65,459
　　兵　　　庫,11231,6421,1881,2929,340,89,121,130,-,-,-,-,172,8,39,124,1496,914,132,449,553,311,25,216,5217,3704,423,1090,3301,2689,161,450,425,277,135,13,123,90,30,3,598,198,321,78,417,145,193,78,142,43,51,48,248,139,86,22,29,14,13,2,14,5,3,6,300,137,152,12,333,107,45,181,951,330,142,479
　　奈　　　良,3857,2159,685,1014,133,32,40,60,-,-,-,-,61,2,12,47,536,295,67,173,131,66,12,52,1761,1294,125,341,895,765,26,105,154,106,40,8,30,25,3,2,278,70,154,53,133,41,63,28,58,8,36,13,96,52,41,3,7,3,4,-,22,1,10,10,107,58,44,5,8,3,-,5,373,125,33,215
　　和　歌　山,2538,1447,456,635,115,11,57,47,-,-,-,-,25,1,4,20,267,174,26,67,166,117,7,42,1129,872,67,190,753,656,27,70,114,53,57,4,17,10,7,-,155,32,97,26,48,15,20,13,18,1,8,9,48,26,16,6,22,11,6,5,11,1,3,7,94,28,61,5,116,35,9,72,210,70,18,122
　　鳥　　　取,2557,1383,732,443,82,16,43,23,1,1,-,-,11,-,5,5,282,156,61,65,140,93,10,38,1086,854,99,133,797,713,26,59,91,39,48,4,18,12,6,-,153,53,85,15,131,35,87,9,40,4,33,3,80,27,50,3,11,7,3,-,19,5,10,4,106,23,81,2,114,24,53,36,210,44,65,101
　　島　　　根,2123,1361,386,377,87,12,41,35,-,-,-,-,33,-,11,23,223,171,14,38,150,109,12,30,900,740,41,119,542,492,23,27,69,48,19,2,17,13,4,-,113,18,91,5,97,38,53,6,29,7,20,1,56,39,13,4,24,20,1,2,11,4,1,6,67,25,39,2,124,66,12,47,140,64,18,57
　　岡　　　山,4827,3042,703,1082,229,34,76,120,1,-,-,1,63,2,12,49,563,390,47,126,277,199,5,74,2167,1701,106,360,1458,1244,64,150,193,110,68,15,85,50,32,3,247,110,98,39,186,97,53,37,46,15,15,17,139,77,47,15,22,16,5,1,11,3,2,5,174,75,94,6,222,84,33,105,286,130,43,112
　　広　　　島,6147,3995,780,1372,172,55,63,55,5,-,-,5,98,2,14,82,621,472,24,124,493,373,16,103,2806,2285,85,436,1924,1657,79,188,272,167,80,25,115,72,35,8,323,94,139,90,242,69,70,104,64,9,19,35,163,112,39,11,24,16,7,1,15,2,5,8,230,59,159,12,182,80,19,83,439,201,40,198
　　山　　　口,3304,2075,755,474,119,22,64,32,4,-,1,3,65,1,32,32,381,310,26,46,256,212,11,33,1391,1152,75,164,991,877,33,81,159,86,65,7,58,37,18,2,172,53,106,13,132,17,99,16,27,2,18,6,83,53,22,7,15,6,9,-,3,-,1,2,115,44,69,2,156,32,86,37,224,82,70,72
　　徳　　　島,2882,1761,403,718,107,28,33,47,1,-,-,1,21,3,6,12,243,142,21,80,296,200,24,72,1204,933,38,233,741,621,32,88,112,83,27,3,11,8,2,-,156,59,67,30,104,45,50,10,11,1,4,5,76,52,22,2,17,16,-,1,21,6,3,12,114,39,67,7,180,77,5,98,218,76,35,106
　　香　　　川,2467,1532,484,450,98,13,50,35,-,-,-,-,15,-,6,8,259,182,27,50,233,159,14,60,1127,883,79,165,642,540,48,54,100,65,29,6,16,13,2,1,129,31,79,19,114,21,74,19,16,3,8,4,56,42,10,4,3,1,2,-,8,2,5,1,118,52,59,6,64,26,14,24,127,52,27,48
　　愛　　　媛,3940,2542,617,780,116,26,46,44,-,-,-,-,68,2,9,56,412,318,29,65,257,191,22,44,1840,1450,136,254,1276,1081,104,92,161,100,51,9,63,44,15,4,211,72,83,56,155,54,61,40,25,5,9,10,104,55,28,20,14,9,2,2,15,2,4,8,127,48,70,8,156,56,27,72,279,151,39,90
　　高　　　知,1579,996,329,253,63,4,31,28,2,-,1,1,32,-,11,21,176,136,14,26,89,72,8,8,677,560,38,79,532,455,35,41,63,39,21,3,23,17,6,-,85,32,46,7,41,14,25,2,16,7,6,2,39,25,11,3,7,3,3,1,6,3,3,-,60,27,30,3,89,23,38,28,133,51,41,41
　　福　　　岡,10281,6865,1574,1843,293,88,128,78,2,-,2,-,143,4,54,85,1145,807,149,189,784,577,57,150,4666,3672,229,766,3165,2749,165,251,448,281,148,19,158,127,26,4,479,221,237,21,366,171,170,25,67,21,36,10,256,181,61,14,42,32,9,1,21,7,4,10,308,153,139,15,468,245,58,165,794,407,93,294
　　佐　　　賀,2186,1547,308,330,66,20,26,20,-,-,-,-,42,4,6,32,259,196,11,53,176,130,11,35,942,758,77,107,680,577,60,43,94,63,25,5,35,29,3,2,107,55,46,6,66,33,21,13,22,12,2,8,66,53,12,2,21,18,3,-,3,2,-,1,65,36,29,-,115,80,15,20,142,89,24,28
　　長　　　崎,3757,2204,746,807,110,37,37,37,2,-,-,2,22,1,8,13,367,245,54,68,292,209,21,62,1547,1157,176,215,1083,857,144,82,155,81,66,7,33,18,14,1,192,81,103,8,81,34,44,3,33,14,15,4,94,56,25,13,16,8,3,4,16,1,2,13,114,44,63,6,268,111,38,119,448,125,90,232
　　熊　　　本,5113,3214,966,932,159,29,107,23,5,1,-,4,92,2,25,65,437,320,51,66,480,345,64,71,2161,1718,104,339,1465,1283,65,118,217,126,88,2,82,54,27,1,270,109,147,14,157,57,83,17,37,10,24,3,128,70,47,11,26,18,6,1,17,5,6,5,180,68,106,6,245,126,25,94,503,208,84,210
　　大　　　分,3424,2128,727,569,126,24,53,50,2,-,1,1,45,2,12,31,364,271,47,46,284,212,29,42,1529,1174,157,197,1161,948,109,105,147,92,51,4,73,51,22,1,156,56,83,17,101,37,44,20,45,13,23,10,87,46,31,10,10,6,1,2,19,8,4,8,134,41,87,5,126,46,31,49,248,100,71,77
　　宮　　　崎,2466,1785,298,383,92,23,29,41,1,-,-,1,20,-,5,15,270,206,24,41,181,155,8,19,1090,912,30,148,760,691,19,49,94,60,31,3,27,21,4,1,118,60,56,2,74,43,27,4,14,3,6,4,70,43,23,4,4,2,1,1,9,1,2,5,89,65,24,-,138,91,15,32,200,120,18,61
　　鹿　児　島,4859,3152,815,892,157,45,54,58,3,-,2,1,79,3,16,59,478,320,85,73,413,310,23,80,2063,1696,35,331,1375,1213,28,135,191,115,69,7,52,30,22,-,254,85,155,14,164,53,98,14,51,18,23,10,123,80,31,13,12,7,4,-,27,6,16,4,162,86,69,7,294,119,56,119,389,209,79,102
　　沖　　　縄,2912,2087,284,542,66,19,34,14,-,-,-,-,29,1,9,19,318,237,16,65,188,146,5,37,1438,1138,51,249,962,848,35,80,110,82,25,2,30,19,12,-,145,73,45,27,73,43,25,5,28,16,6,6,64,46,15,2,6,5,1,-,12,3,2,6,71,56,14,1,123,82,8,32,243,139,27,78
