病院コード,病院名,都道府県,構想区域,異常パターン,R4(2022)_高度急性期,R4(2022)_急性期,R4(2022)_回復期,R4(2022)_慢性期,R4(2022)_合計,R5(2023)_高度急性期,R5(2023)_急性期,R5(2023)_回復期,R5(2023)_慢性期,R5(2023)_合計,R6(2024)_高度急性期,R6(2024)_急性期,R6(2024)_回復期,R6(2024)_慢性期,R6(2024)_合計,R4_R6_完全一致,R5のみ異なる
1010020051,二之沢病院,群馬,高崎市,A: 総数が約2倍（二重カウント疑い）,0,0,0,120,120,0,0,0,240,240,0,0,0,120,120,YES,YES
1010050006,西毛病院,群馬,富岡市,A: 総数が約2倍（二重カウント疑い）,0,0,0,50,50,0,0,0,100,100,0,0,0,50,50,YES,YES
101170016,医療法人社団双心会女満別中央病院,北海道,大空町,A: 総数が約2倍（二重カウント疑い）,0,42,0,40,82,0,84,0,80,164,0,42,0,40,82,YES,YES
1212090015,医療法人社団白金会リハビリテーション病院さらしな,千葉,市原市,A: 総数が約2倍（二重カウント疑い）,0,0,120,0,120,0,0,240,0,240,0,0,120,0,120,YES,YES
1414100021,医療法人社団清伸会 ふじの温泉病院,神奈川,相模原市緑区,A: 総数が約2倍（二重カウント疑い）,0,0,0,216,216,0,0,0,432,432,0,0,0,216,216,YES,YES
2020040002,医療法人暁会 仁愛病院,長野,伊那市,A: 総数が約2倍（二重カウント疑い）,0,73,0,94,167,0,167,0,167,334,0,73,0,94,167,YES,YES
2323120019,医療法人聖俊会 樋口病院,愛知,豊川市,A: 総数が約2倍（二重カウント疑い）,0,0,0,43,43,0,0,0,86,86,0,0,0,43,43,YES,YES
2424030010,医療法人桜木記念病院,三重,松阪市,A: 総数が約2倍（二重カウント疑い）,0,0,0,60,60,0,0,0,120,120,0,0,0,60,60,YES,YES
2626040194,一般財団法人仁風会京都南西病院,京都,京都市伏見区,A: 総数が約2倍（二重カウント疑い）,0,0,38,38,76,0,0,76,76,152,0,0,38,38,76,YES,YES
3333020033,医療法人仁徳会森下病院,岡山,総社市,A: 総数が約2倍（二重カウント疑い）,0,0,38,26,64,0,0,64,64,128,0,0,38,26,64,YES,YES
3636010099,中瀬病院,徳島,徳島市,A: 総数が約2倍（二重カウント疑い）,0,0,0,45,45,0,0,0,90,90,0,0,0,45,45,YES,YES
4646070020,松下病院,鹿児島,霧島市,A: 総数が約2倍（二重カウント疑い）,0,0,0,44,44,0,0,88,0,88,0,0,0,44,44,YES,YES
4646070021,医療法人仁心会　福山病院,鹿児島,霧島市,A: 総数が約2倍（二重カウント疑い）,0,0,0,24,24,0,0,0,48,48,0,0,0,24,24,YES,YES
101040145,医療法人社団翔嶺館 札幌優翔館病院,北海道,札幌市北区,B: 総数同等・機能区分変動（回復期・慢性期）,0,38,48,48,134,0,38,96,0,134,0,38,48,48,134,YES,YES
101040420,社会医療法人恵佑会札幌病院,北海道,札幌,B: 総数同等・機能区分変動（回復期・慢性期）,0,209,0,20,229,0,209,20,0,229,0,209,0,20,229,YES,YES
1111030019,医療法人社団愛友会三郷中央総合病院,埼玉,東部,B: 総数同等・機能区分変動（回復期・慢性期）,8,223,58,0,289,8,223,0,58,289,8,223,58,0,289,YES,YES
1111050005,医療法人社団愛友会上尾中央第二病院,埼玉,上尾市,B: 総数同等・機能区分変動（回復期・慢性期）,0,0,32,154,186,0,0,47,139,186,0,0,32,154,186,YES,YES
1111060032,丸木記念福祉メディカルセンター,埼玉,川越比企,B: 総数同等・機能区分変動（回復期・慢性期）,0,0,208,20,228,0,0,160,68,228,0,0,208,20,228,YES,YES
1111070027,医療法人西狭山病院,埼玉,西部,B: 総数同等・機能区分変動（回復期・慢性期）,0,0,0,41,41,0,0,41,0,41,0,0,0,41,41,YES,YES
1212030018,医療法人社団葵会柏たなか病院,千葉,柏市,B: 総数同等・機能区分変動（回復期・慢性期）,8,126,60,318,512,8,126,120,258,512,8,126,60,318,512,YES,YES
1313010046,公益財団法人ライフ・エクステンション研究所付属永寿総合病院,東京,区中央部,B: 総数同等・機能区分変動（回復期・慢性期）,8,376,16,0,400,8,376,0,16,400,8,376,16,0,400,YES,YES
1515070005,厚生連佐渡総合病院,新潟,佐渡,B: 総数同等・機能区分変動（回復期・慢性期）,0,190,100,0,290,0,190,50,50,290,0,190,100,0,290,YES,YES
1818040007,泉ヶ丘病院,福井,敦賀市,B: 総数同等・機能区分変動（回復期・慢性期）,0,39,44,33,116,0,39,0,77,116,0,39,44,33,116,YES,YES
2222060009,医療法人社団綾和会 駿河西病院,静岡,焼津市,B: 総数同等・機能区分変動（回復期・慢性期）,0,0,50,100,150,0,0,0,150,150,0,0,50,100,150,YES,YES
2222070004,医療法人弘遠会 すずかけヘルスケアホスピタル,静岡,磐田市,B: 総数同等・機能区分変動（回復期・慢性期）,0,0,106,54,160,0,0,160,0,160,0,0,106,54,160,YES,YES
2525010005,医療法人華頂会琵琶湖養育院病院,滋賀,大津市,B: 総数同等・機能区分変動（回復期・慢性期）,0,0,43,111,154,0,0,0,154,154,0,0,43,111,154,YES,YES
2727080074,医療法人燦恵会首藤病院,大阪,大阪市福島区,B: 総数同等・機能区分変動（回復期・慢性期）,0,0,0,86,86,0,0,42,44,86,0,0,0,86,86,YES,YES
2828020048,社会医療法人愛仁会 尼崎だいもつ病院,兵庫,阪神,B: 総数同等・機能区分変動（回復期・慢性期）,0,0,170,29,199,0,0,199,0,199,0,0,170,29,199,YES,YES
2828060008,医療法人財団清良会書写病院,兵庫,姫路市,B: 総数同等・機能区分変動（回復期・慢性期）,0,0,0,92,92,0,0,46,46,92,0,0,0,92,92,YES,YES
3737040042,多度津三宅病院,香川,西部,B: 総数同等・機能区分変動（回復期・慢性期）,0,0,0,29,29,0,0,29,0,29,0,0,0,29,29,YES,YES
3838020011,横山病院,愛媛,西条市,B: 総数同等・機能区分変動（回復期・慢性期）,0,0,0,36,36,0,0,36,0,36,0,0,0,36,36,YES,YES
3838050009,医療法人青峰会 真網代くじらリハビリテーション病院,愛媛,八幡浜市,B: 総数同等・機能区分変動（回復期・慢性期）,0,0,46,43,89,0,0,89,0,89,0,0,46,43,89,YES,YES
3939020081,山村病院,高知,高知市,B: 総数同等・機能区分変動（回復期・慢性期）,0,0,0,33,33,0,0,33,0,33,0,0,0,33,33,YES,YES
4040010116,医療法人南川整形外科病院,福岡,福岡市西区,B: 総数同等・機能区分変動（回復期・慢性期）,0,60,0,57,117,0,60,57,0,117,0,60,0,57,117,YES,YES
4040090022,医療法人博愛会 頴田病院,福岡,飯塚市,B: 総数同等・機能区分変動（回復期・慢性期）,0,32,64,0,96,0,32,28,36,96,0,32,64,0,96,YES,YES
404030131,独立行政法人国立病院機構仙台西多賀病院,宮城,仙台,B: 総数同等・機能区分変動（回復期・慢性期）,0,50,100,290,440,0,50,50,340,440,0,50,100,290,440,YES,YES
4343010017,くまもと成仁病院,熊本,熊本市東区,B: 総数同等・機能区分変動（回復期・慢性期）,0,0,87,93,180,0,0,50,130,180,0,0,87,93,180,YES,YES
4444090012,医療法人興仁会桑尾病院,大分,宇佐市,B: 総数同等・機能区分変動（回復期・慢性期）,0,0,0,32,32,0,0,32,0,32,0,0,0,32,32,YES,YES
808070019,茨城県立医療大学付属病院,茨城,取手・竜ヶ崎,B: 総数同等・機能区分変動（回復期・慢性期）,0,0,120,0,120,0,0,47,73,120,0,0,120,0,120,YES,YES
1010030010,北毛保健生活協同組合北毛病院,群馬,渋川市,B: 総数同等・機能区分変動（急性期・回復期）,0,100,0,50,150,0,50,50,50,150,0,100,0,50,150,YES,YES
101010048,社会福祉法人北海道社会事業協会函館病院,北海道,函館市,B: 総数同等・機能区分変動（急性期・回復期）,0,48,90,148,286,0,94,44,148,286,0,48,90,148,286,YES,YES
101040280,時計台記念病院,北海道,札幌,B: 総数同等・機能区分変動（急性期・回復期）,0,150,75,0,225,0,183,42,0,225,0,150,75,0,225,YES,YES
1111010010,医療法人財団啓明会中島病院,埼玉,戸田市,B: 総数同等・機能区分変動（急性期・回復期）,0,66,0,45,111,0,39,27,45,111,0,66,0,45,111,YES,YES
1313030007,医療法人財団日扇会 第一病院,東京,区西南部,B: 総数同等・機能区分変動（急性期・回復期）,0,0,46,0,46,0,46,0,0,46,0,0,46,0,46,YES,YES
1313040083,一般社団法人ＩＣＲ附属 クリニカルリサーチ東京病院,東京,区西部,B: 総数同等・機能区分変動（急性期・回復期）,0,0,50,0,50,0,50,0,0,50,0,0,50,0,50,YES,YES
1313090027,医療法人社団玉栄会東京天使病院,東京,南多摩,B: 総数同等・機能区分変動（急性期・回復期）,0,39,83,0,122,0,0,122,0,122,0,39,83,0,122,YES,YES
1414020040,社会福祉法人 親善福祉協会 国際親善総合病院,神奈川,横浜,B: 総数同等・機能区分変動（急性期・回復期）,6,247,34,0,287,6,281,0,0,287,6,247,34,0,287,YES,YES
1414080022,社会福祉法人 恩賜財団済生会支部 神奈川県済生会湘南平塚病院,神奈川,湘南西部,B: 総数同等・機能区分変動（急性期・回復期）,0,42,134,0,176,0,88,88,0,176,0,42,134,0,176,YES,YES
1414090020,医療法人社団昌栄会 相武台病院,神奈川,座間市,B: 総数同等・機能区分変動（急性期・回復期）,0,40,0,159,199,0,0,40,159,199,0,40,0,159,199,YES,YES
2020070011,塩尻協立病院,長野,塩尻市,B: 総数同等・機能区分変動（急性期・回復期）,0,0,42,57,99,0,42,0,57,99,0,0,42,57,99,YES,YES
2323070005,愛知県厚生農業協同組合連合会知多厚生病院,愛知,知多半島,B: 総数同等・機能区分変動（急性期・回復期）,0,108,85,0,193,0,162,31,0,193,0,108,85,0,193,YES,YES
2424020036,武内病院,三重,津市,B: 総数同等・機能区分変動（急性期・回復期）,0,132,48,0,180,0,180,0,0,180,0,132,48,0,180,YES,YES
2727030030,医療法人一祐会藤本病院,大阪,北河内,B: 総数同等・機能区分変動（急性期・回復期）,0,100,48,0,148,0,148,0,0,148,0,100,48,0,148,YES,YES
2727040025,医療法人桜希会東朋八尾病院,大阪,中河内,B: 総数同等・機能区分変動（急性期・回復期）,0,32,30,32,94,0,62,0,32,94,0,32,30,32,94,YES,YES
2727070063,社会医療法人啓仁会咲花病院,大阪,泉州,B: 総数同等・機能区分変動（急性期・回復期）,0,50,44,0,94,0,64,30,0,94,0,50,44,0,94,YES,YES
2727080003,医療法人尽生会聖和病院,大阪,大阪市都島区,B: 総数同等・機能区分変動（急性期・回復期）,0,0,90,32,122,0,49,41,32,122,0,0,90,32,122,YES,YES
2727080039,医療法人永寿会福島病院,大阪,大阪市,B: 総数同等・機能区分変動（急性期・回復期）,0,97,0,0,97,0,58,39,0,97,0,97,0,0,97,YES,YES
2727080096,社会医療法人ONE FLAG牧病院,大阪,大阪市,B: 総数同等・機能区分変動（急性期・回復期）,0,75,0,0,75,0,40,35,0,75,0,75,0,0,75,YES,YES
2828010017,みどり病院,兵庫,神戸,B: 総数同等・機能区分変動（急性期・回復期）,0,108,0,0,108,0,54,54,0,108,0,108,0,0,108,YES,YES
2828010076,社会医療法人社団 正峰会 神戸大山病院,兵庫,神戸,B: 総数同等・機能区分変動（急性期・回復期）,0,71,49,0,120,0,36,84,0,120,0,71,49,0,120,YES,YES
2828040022,医療法人社団仙齢会はりま病院,兵庫,東播磨,B: 総数同等・機能区分変動（急性期・回復期）,0,89,0,0,89,0,39,50,0,89,0,89,0,0,89,YES,YES
2828050026,服部病院,兵庫,三木市,B: 総数同等・機能区分変動（急性期・回復期）,0,93,36,50,179,0,45,84,50,179,0,93,36,50,179,YES,YES
3333020083,水島協同病院,岡山,県南西部,B: 総数同等・機能区分変動（急性期・回復期）,0,222,0,60,282,0,168,54,60,282,0,222,0,60,282,YES,YES
3838040116,独立行政法人国立病院機構四国がんセンター,愛媛,松山,B: 総数同等・機能区分変動（急性期・回復期）,4,339,25,0,368,4,364,0,0,368,4,339,25,0,368,YES,YES
3838050015,市立大洲病院,愛媛,八幡浜・大洲,B: 総数同等・機能区分変動（急性期・回復期）,0,101,41,0,142,0,142,0,0,142,0,101,41,0,142,YES,YES
4040100019,独立行政法人地域医療機能推進機構 福岡ゆたか中央病院,福岡,直方・鞍手,B: 総数同等・機能区分変動（急性期・回復期）,0,132,0,0,132,0,100,32,0,132,0,132,0,0,132,YES,YES
4040120048,医療法人健美会佐々木病院,福岡,北九州市八幡西区,B: 総数同等・機能区分変動（急性期・回復期）,0,40,0,34,74,0,0,40,34,74,0,40,0,34,74,YES,YES
4141010083,独立行政法人地域医療機能推進機構佐賀中部病院,佐賀,中部,B: 総数同等・機能区分変動（急性期・回復期）,0,160,0,0,160,0,116,44,0,160,0,160,0,0,160,YES,YES
4343010024,医療法人 相生会 にしくまもと病院,熊本,熊本市南区,B: 総数同等・機能区分変動（急性期・回復期）,0,38,108,0,146,0,72,74,0,146,0,38,108,0,146,YES,YES
4343050008,菊池中央病院,熊本,菊池,B: 総数同等・機能区分変動（急性期・回復期）,0,0,55,47,102,0,55,0,47,102,0,0,55,47,102,YES,YES
4444010112,畑病院,大分,別府市,B: 総数同等・機能区分変動（急性期・回復期）,0,0,58,0,58,0,58,0,0,58,0,0,58,0,58,YES,YES
4444080027,秋吉病院,大分,西部,B: 総数同等・機能区分変動（急性期・回復期）,0,36,0,0,36,0,0,36,0,36,0,36,0,0,36,YES,YES
101040041,医療法人為久会 札幌共立五輪橋病院,北海道,札幌,B: 総数同等・機能区分変動（急性期・慢性期）,0,170,0,18,188,0,188,0,0,188,0,170,0,18,188,YES,YES
2222080003,かば記念病院,静岡,西部,B: 総数同等・機能区分変動（急性期・慢性期）,0,44,0,0,44,0,0,0,44,44,0,44,0,0,44,YES,YES
2828020075,布谷整形外科病院,兵庫,西宮市,B: 総数同等・機能区分変動（急性期・慢性期）,0,33,0,106,139,0,0,0,139,139,0,33,0,106,139,YES,YES
303010039,髙松病院,岩手,盛岡市,B: 総数同等・機能区分変動（急性期・慢性期）,0,0,0,95,95,0,40,0,55,95,0,0,0,95,95,YES,YES
3737030038,医療法人社団弘徳会マオカ病院,香川,高松市,B: 総数同等・機能区分変動（急性期・慢性期）,0,58,0,58,116,0,116,0,0,116,0,58,0,58,116,YES,YES
3939020088,新松田会愛宕病院,高知,高知市,B: 総数同等・機能区分変動（急性期・慢性期）,0,225,50,79,354,0,264,50,40,354,0,225,50,79,354,YES,YES
707020056,福島県総合療育センター,福島,県中,B: 総数同等・機能区分変動（急性期・慢性期）,0,50,0,40,90,0,90,0,0,90,0,50,0,40,90,YES,YES
909050008,とちぎメディカルセンターしもつが,栃木,県南,B: 総数同等・機能区分変動（急性期・慢性期）,0,301,0,0,301,0,257,0,44,301,0,301,0,0,301,YES,YES
1313070082,社会医療法人社団森山医会 森山脳神経センター病院,東京,江戸川区,B: 総数同等・機能区分変動（急性期）,0,43,106,0,149,0,47,106,0,153,0,43,106,0,149,YES,YES
2020040001,伊那中央病院,長野,上伊那,B: 総数同等・機能区分変動（急性期）,116,238,36,0,390,116,242,36,0,394,116,238,36,0,390,YES,YES
3838020017,社会福祉法人恩賜財団済生会 西条病院,愛媛,新居浜・西条,B: 総数同等・機能区分変動（急性期）,4,122,24,0,150,4,119,24,0,147,4,122,24,0,150,YES,YES
4040010216,福岡記念病院,福岡,福岡・糸島,B: 総数同等・機能区分変動（急性期）,24,215,0,0,239,24,225,0,0,249,24,215,0,0,239,YES,YES
4646030047,独立行政法人国立病院機構指宿医療センター,鹿児島,南薩,B: 総数同等・機能区分変動（急性期）,4,150,0,0,154,4,154,0,0,158,4,150,0,0,154,YES,YES
4747050003,沖縄県立八重山病院,沖縄,八重山,B: 総数同等・機能区分変動（急性期）,23,241,0,0,264,23,232,0,0,255,23,241,0,0,264,YES,YES
707010033,福島赤十字病院,福島,県北,B: 総数同等・機能区分変動（急性期）,12,274,0,0,286,12,262,0,0,274,12,274,0,0,286,YES,YES
808010041,水戸赤十字病院,茨城,水戸,B: 総数同等・機能区分変動（急性期）,4,258,46,20,328,4,270,46,20,340,4,258,46,20,328,YES,YES
1414100008,相和病院,神奈川,相模原市緑区,B: 総数同等・機能区分変動（慢性期）,0,0,0,268,268,0,0,0,270,270,0,0,0,268,268,YES,YES
2626050083,医療法人仁心会宇治川病院,京都,山城北,B: 総数同等・機能区分変動（慢性期）,0,0,0,179,179,0,0,0,180,180,0,0,0,179,179,YES,YES
101040287,社会医療法人北楡会 札幌北楡病院,北海道,札幌,B: 総数同等・機能区分変動（高度急性期・回復期）,8,244,29,0,281,37,244,0,0,281,8,244,29,0,281,YES,YES
1111080030,社会医療法人壮幸会行田総合病院,埼玉,行田市,B: 総数同等・機能区分変動（高度急性期・急性期）,10,300,140,54,504,55,255,140,54,504,10,300,140,54,504,YES,YES
1212030059,松戸市立総合医療センター,千葉,東葛北部,B: 総数同等・機能区分変動（高度急性期・急性期）,72,520,0,0,592,105,487,0,0,592,72,520,0,0,592,YES,YES
1313010060,東京医科歯科大学病院,東京,区中央部,B: 総数同等・機能区分変動（高度急性期・急性期）,710,62,0,0,772,757,15,0,0,772,710,62,0,0,772,YES,YES
1313020055,東急株式会社 東急病院,東京,区南部,B: 総数同等・機能区分変動（高度急性期・急性期）,0,135,0,0,135,45,90,0,0,135,0,135,0,0,135,YES,YES
1313040005,ニューハート・ワタナベ国際病院,東京,区西部,B: 総数同等・機能区分変動（高度急性期・急性期）,9,35,0,0,44,44,0,0,0,44,9,35,0,0,44,YES,YES
1313090006,みなみ野循環器病院,東京,南多摩,B: 総数同等・機能区分変動（高度急性期・急性期）,4,16,0,0,20,0,20,0,0,20,4,16,0,0,20,YES,YES
1414100039,独立行政法人国立病院機構 相模原病院,神奈川,相模原,B: 総数同等・機能区分変動（高度急性期・急性期）,0,458,0,0,458,4,454,0,0,458,0,458,0,0,458,YES,YES
2222030053,公益社団法人有隣厚生会富士病院,静岡,駿東田方,B: 総数同等・機能区分変動（高度急性期・急性期）,56,52,52,0,160,0,108,52,0,160,56,52,52,0,160,YES,YES
2727020047,大阪医科薬科大学病院,大阪,三島,B: 総数同等・機能区分変動（高度急性期・急性期）,819,0,0,0,819,706,113,0,0,819,819,0,0,0,819,YES,YES
2727030071,社会医療法人弘道会萱島生野病院,大阪,北河内,B: 総数同等・機能区分変動（高度急性期・急性期）,4,136,0,0,140,0,140,0,0,140,4,136,0,0,140,YES,YES
2727060041,堺市立総合医療センター,大阪,堺市,B: 総数同等・機能区分変動（高度急性期・急性期）,480,0,0,0,480,345,135,0,0,480,480,0,0,0,480,YES,YES
2727080139,関西電力株式会社関西電力病院,大阪,大阪市,B: 総数同等・機能区分変動（高度急性期・急性期）,6,350,44,0,400,312,44,44,0,400,6,350,44,0,400,YES,YES
2727080146,公益財団法人日本生命済生会日本生命病院,大阪,大阪市,B: 総数同等・機能区分変動（高度急性期・急性期）,92,258,0,0,350,135,215,0,0,350,92,258,0,0,350,YES,YES
3434060041,公立学校共済組合 中国中央病院,広島,福山・府中,B: 総数同等・機能区分変動（高度急性期・急性期）,98,134,5,0,237,46,186,5,0,237,98,134,5,0,237,YES,YES
3737040045,独立行政法人国立病院機構四国こどもとおとなの医療センター,香川,西部,B: 総数同等・機能区分変動（高度急性期・急性期）,52,350,50,215,667,154,248,50,215,667,52,350,50,215,667,YES,YES
4040060089,社会医療法人雪の聖母会聖マリア病院,福岡,久留米市,B: 総数同等・機能区分変動（高度急性期・急性期）,165,659,0,66,890,178,646,0,66,890,165,659,0,66,890,YES,YES
4040060091,社会医療法人天神会新古賀病院,福岡,久留米,B: 総数同等・機能区分変動（高度急性期・急性期）,28,232,0,0,260,70,190,0,0,260,28,232,0,0,260,YES,YES
606030009,公立置賜総合病院,山形,置賜,B: 総数同等・機能区分変動（高度急性期・急性期）,20,400,0,0,420,71,349,0,0,420,20,400,0,0,420,YES,YES
1212010025,医療法人社団誠馨会 千葉メディカルセンター,千葉,千葉,B: 総数同等・機能区分変動（高度急性期）,14,334,0,0,348,12,334,0,0,346,14,334,0,0,348,YES,YES
2828010093,神戸市立医療センター中央市民病院,兵庫,神戸,B: 総数同等・機能区分変動（高度急性期）,750,0,0,0,750,786,0,0,0,786,750,0,0,0,750,YES,YES
3535010019,国立病院機構 岩国医療センター,山口,岩国,B: 総数同等・機能区分変動（高度急性期）,266,194,0,24,484,268,194,0,24,486,266,194,0,24,484,YES,YES
2323090017,医療法人大朋会 刈谷整形外科病院,愛知,刈谷市,C: 総数増加（0.0倍）,0,0,0,0,0,0,0,0,80,80,0,0,0,0,0,YES,YES
1313090046,医療法人社団創生会 町田病院,東京,南多摩,C: 総数増加（1.1倍）,0,60,60,0,120,0,82,51,0,133,0,60,60,0,120,YES,YES
2222030033,医療法人社団 静岡健生会 三島共立病院,静岡,駿東田方,C: 総数増加（1.1倍）,0,0,54,30,84,0,0,59,30,89,0,0,54,30,84,YES,YES
2727010035,医療法人篤友会坂本病院,大阪,豊中市,C: 総数増加（1.1倍）,0,0,0,229,229,0,0,54,197,251,0,0,0,229,229,YES,YES
2727050006,医療法人宝生会ＰＬ病院,大阪,富田林市,C: 総数増加（1.1倍）,45,240,38,47,370,45,240,38,94,417,45,240,38,47,370,YES,YES
2727080053,医療法人せいわ会大阪たつみリハビリテーション病院,大阪,大阪市,C: 総数増加（1.1倍）,0,0,120,0,120,0,0,132,0,132,0,0,120,0,120,YES,YES
101040258,江別市立病院,北海道,札幌,C: 総数増加（1.2倍）,0,238,0,0,238,0,278,0,0,278,0,238,0,0,238,YES,YES
101040281,自衛隊札幌病院,北海道,札幌,C: 総数増加（1.2倍）,0,99,0,0,99,0,119,0,0,119,0,99,0,0,99,YES,YES
1414050024,総合川崎臨港病院,神奈川,川崎市川崎区,C: 総数増加（1.2倍）,39,160,0,0,199,0,110,55,68,233,39,160,0,0,199,YES,YES
1515010018,新潟聖籠病院,新潟,聖籠町,C: 総数増加（1.2倍）,0,60,60,120,240,0,0,120,180,300,0,60,60,120,240,YES,YES
2323090033,社会医療法人財団新和会八千代病院,愛知,安城市,C: 総数増加（1.2倍）,58,212,98,52,420,58,212,150,104,524,58,212,98,52,420,YES,YES
2727030027,医療法人みどり会中村病院,大阪,枚方市,C: 総数増加（1.2倍）,0,48,113,45,206,0,48,113,90,251,0,48,113,45,206,YES,YES
4040120001,医療法人若葉会 九州鉄道記念病院,福岡,北九州市門司区,C: 総数増加（1.2倍）,0,158,78,0,236,0,217,78,0,295,0,158,78,0,236,YES,YES
4040120130,小倉リハビリテーション病院,福岡,北九州市小倉北区,C: 総数増加（1.2倍）,0,0,158,40,198,0,0,158,80,238,0,0,158,40,198,YES,YES
4343010058,菊南病院,熊本,熊本市北区,C: 総数増加（1.2倍）,0,0,92,58,150,0,0,128,58,186,0,0,92,58,150,YES,YES
1313060096,社会医療法人社団昭愛会 水野記念リハビリテーション病院,東京,足立区,C: 総数増加（1.3倍）,0,0,90,0,90,0,0,120,0,120,0,0,90,0,90,YES,YES
1414060037,社会福祉法人湘南福祉協会総合病院湘南病院,神奈川,横須賀市,C: 総数増加（1.3倍）,0,57,60,50,167,0,57,60,100,217,0,57,60,50,167,YES,YES
3333040003,医療法人社団井口会総合病院落合病院,岡山,真庭市,C: 総数増加（1.3倍）,0,50,45,40,135,0,50,45,80,175,0,50,45,40,135,YES,YES
4040010251,医療法人相生会新吉塚病院,福岡,福岡市博多区,C: 総数増加（1.3倍）,0,0,99,44,143,0,0,146,44,190,0,0,99,44,143,YES,YES
4444030139,大分記念病院,大分,大分市,C: 総数増加（1.3倍）,0,49,35,34,118,0,49,103,0,152,0,49,35,34,118,YES,YES
101040089,医療法人社団豊友会千歳豊友会病院,北海道,千歳市,C: 総数増加（1.4倍）,0,36,59,39,134,0,36,118,39,193,0,36,59,39,134,YES,YES
1313060015,医療法人財団謙仁会亀有病院,東京,葛飾区,C: 総数増加（1.4倍）,0,60,0,38,98,0,60,0,76,136,0,60,0,38,98,YES,YES
1313060072,医療法人社団藤寿会 佐藤病院,東京,荒川区,C: 総数増加（1.4倍）,0,60,0,38,98,0,60,0,76,136,0,60,0,38,98,YES,YES
2121040003,タジミ第一病院,岐阜,多治見市,C: 総数増加（1.4倍）,0,0,30,20,50,0,0,30,40,70,0,0,30,20,50,YES,YES
2626040187,医療法人明生会賀茂病院,京都,京都市北区,C: 総数増加（1.4倍）,0,0,0,59,59,0,0,0,84,84,0,0,0,59,59,YES,YES
2828040066,私立稲美中央病院,兵庫,稲美町,C: 総数増加（1.4倍）,0,50,30,54,134,0,50,30,108,188,0,50,30,54,134,YES,YES
4444030212,大分泌尿器科病院,大分,中部,C: 総数増加（1.4倍）,0,37,0,23,60,0,37,0,46,83,0,37,0,23,60,YES,YES
4646010213,日高病院,鹿児島,鹿児島市,C: 総数増加（1.4倍）,0,0,99,0,99,0,0,138,0,138,0,0,99,0,99,YES,YES
4747030002,おもろまちメディカルセンター,沖縄,那覇市,C: 総数増加（1.4倍）,0,94,0,60,154,0,94,0,120,214,0,94,0,60,154,YES,YES
707010001,あづま脳神経外科病院,福島,福島市,C: 総数増加（1.4倍）,0,37,83,48,168,0,37,143,48,228,0,37,83,48,168,YES,YES
101170032,置戸赤十字病院,北海道,置戸町,C: 総数増加（1.5倍）,0,0,0,95,95,0,0,0,143,143,0,0,0,95,95,YES,YES
1111010017,医療法人社団厚生会埼玉厚生病院,埼玉,川口市,C: 総数増加（1.5倍）,0,55,0,53,108,0,0,0,161,161,0,55,0,53,108,YES,YES
1313020010,医療法人財団中島記念会 大森山王病院,東京,大田区,C: 総数増加（1.5倍）,0,0,30,35,65,0,0,30,70,100,0,0,30,35,65,YES,YES
1313110029,医療法人社団大日会 小金井太陽病院,東京,小金井市,C: 総数増加（1.5倍）,0,26,29,60,115,0,86,29,60,175,0,26,29,60,115,YES,YES
1414020014,医療法人横浜未来ヘルスケアシステム 戸塚共立いずみ野病院,神奈川,横浜,C: 総数増加（1.5倍）,0,50,50,0,100,0,50,100,0,150,0,50,50,0,100,YES,YES
2020030008,社会医療法人南信勤労者医療協会諏訪共立病院,長野,下諏訪町,C: 総数増加（1.5倍）,0,56,54,0,110,0,110,54,0,164,0,56,54,0,110,YES,YES
2828070005,医療法人　仁徳会　とくなが病院,兵庫,たつの市,C: 総数増加（1.5倍）,0,56,0,53,109,0,56,0,106,162,0,56,0,53,109,YES,YES
3131010009,国民健康保険智頭病院,鳥取,智頭町,C: 総数増加（1.5倍）,0,52,0,47,99,0,52,0,94,146,0,52,0,47,99,YES,YES
3131030006,医療法人育生会高島病院,鳥取,米子市,C: 総数増加（1.5倍）,0,60,0,59,119,0,60,0,119,179,0,60,0,59,119,YES,YES
3333030006,医療法人真生会新見中央病院,岡山,新見市,C: 総数増加（1.5倍）,0,59,0,56,115,0,59,0,112,171,0,59,0,56,115,YES,YES
4040030016,宗像医師会病院,福岡,宗像,C: 総数増加（1.5倍）,0,116,36,12,164,0,157,72,12,241,0,116,36,12,164,YES,YES
4040120134,小倉到津病院,福岡,北九州市小倉北区,C: 総数増加（1.5倍）,0,0,0,100,100,0,0,0,147,147,0,0,0,100,100,YES,YES
4343070016,谷田病院,熊本,甲佐町,C: 総数増加（1.5倍）,0,39,46,0,85,0,39,92,0,131,0,39,46,0,85,YES,YES
4545010027,医療法人社団仁和会 竹内病院,宮崎,宮崎市,C: 総数増加（1.5倍）,0,36,0,30,66,0,36,0,60,96,0,36,0,30,66,YES,YES
4646010129,新成病院,鹿児島,鹿児島市,C: 総数増加（1.5倍）,0,0,35,30,65,0,0,35,60,95,0,0,35,30,65,YES,YES
101040212,医療法人社団翔仁会輪厚三愛病院,北海道,北広島市,C: 総数増加（1.6倍）,0,59,0,87,146,0,59,0,174,233,0,59,0,87,146,YES,YES
101040322,長生会病院,北海道,札幌市北区,C: 総数増加（1.6倍）,0,0,0,74,74,0,0,0,120,120,0,0,0,74,74,YES,YES
1111090016,医療法人三光会そのベ病院,埼玉,本庄市,C: 総数増加（1.6倍）,0,22,0,29,51,0,0,0,80,80,0,22,0,29,51,YES,YES
1414060024,医療法人徳洲会 清川病院,神奈川,鎌倉市,C: 総数増加（1.6倍）,0,0,89,109,198,0,0,89,218,307,0,0,89,109,198,YES,YES
1414120005,山本記念病院,神奈川,横浜市都筑区,C: 総数増加（1.6倍）,0,49,0,82,131,0,131,0,82,213,0,49,0,82,131,YES,YES
3636010063,手束病院,徳島,石井町,C: 総数増加（1.6倍）,0,0,40,53,93,0,0,40,106,146,0,0,40,53,93,YES,YES
1111030052,埼玉みさと総合リハビリテーション病院,埼玉,三郷市,C: 総数増加（1.7倍）,0,0,175,0,175,0,0,290,0,290,0,0,175,0,175,YES,YES
2323010170,東洋病院,愛知,名古屋市港区,C: 総数増加（1.7倍）,0,0,42,88,130,0,0,42,176,218,0,0,42,88,130,YES,YES
2323050026,医療法人来光会 尾洲病院,愛知,一宮市,C: 総数増加（1.7倍）,0,0,72,59,131,0,0,108,118,226,0,0,72,59,131,YES,YES
2828040057,明石仁十病院,兵庫,明石市,C: 総数増加（1.7倍）,0,29,20,100,149,0,29,20,200,249,0,29,20,100,149,YES,YES
1313050117,医療法人社団中央白報会 白報会王子病院,東京,区西北部,C: 総数増加（1.9倍）,0,60,0,0,60,0,112,0,0,112,0,60,0,0,60,YES,YES
1010070008,内田病院,群馬,沼田市,D: 総数減少,0,49,50,0,99,0,41,50,0,91,0,49,50,0,99,YES,YES
1212010031,医療法人社団創進会みつわ台総合病院,千葉,千葉,D: 総数減少,0,205,50,0,255,0,167,50,0,217,0,205,50,0,255,YES,YES
1212010062,千葉大学医学部附属病院,千葉,千葉,D: 総数減少,775,25,0,0,800,734,25,0,0,759,775,25,0,0,800,YES,YES
1313110004,医療法人財団慈生会 野村病院,東京,三鷹市,D: 総数減少,0,89,44,0,133,0,55,44,0,99,0,89,44,0,133,YES,YES
1414010033,医療法人社団武蔵野会 牧野記念病院,神奈川,横浜,D: 総数減少,0,84,49,50,183,0,52,49,50,151,0,84,49,50,183,YES,YES
1414060043,聖ヨゼフ病院,神奈川,横須賀市,D: 総数減少,0,88,46,94,228,0,88,46,47,181,0,88,46,94,228,YES,YES
1616030009,医療法人高岡みなみハートセンターみなみの杜病院,富山,高岡市,D: 総数減少,0,53,0,84,137,0,53,0,42,95,0,53,0,84,137,YES,YES
2323010139,国家公務員共済組合連合会名城病院,愛知,名古屋・尾張中部,D: 総数減少,6,273,47,0,326,6,225,47,0,278,6,273,47,0,326,YES,YES
2424010002,三重県厚生農業協同組合連合会 三重北医療センター いなべ総合病院,三重,桑員,D: 総数減少,6,214,0,0,220,6,160,0,0,166,6,214,0,0,220,YES,YES
2626050011,医療法人社団医聖会八幡中央病院,京都,八幡市,D: 総数減少,0,0,98,104,202,0,0,98,78,176,0,0,98,104,202,YES,YES
2727070036,医療法人徳洲会　貝塚記念病院,大阪,貝塚市,D: 総数減少,0,0,0,90,90,0,0,0,57,57,0,0,0,90,90,YES,YES
2727070070,泉大津市立病院,大阪,泉州,D: 総数減少,6,208,16,0,230,6,154,16,0,176,6,208,16,0,230,YES,YES
2828010128,舞子台病院,兵庫,神戸市垂水区,D: 総数減少,0,0,60,120,180,0,0,60,60,120,0,0,60,120,180,YES,YES
2828030033,三田市民病院,兵庫,阪神,D: 総数減少,7,293,0,0,300,7,243,0,0,250,7,293,0,0,300,YES,YES
2828050028,北播磨総合医療センター,兵庫,北播磨,D: 総数減少,36,404,0,0,440,36,304,0,0,340,36,404,0,0,440,YES,YES
3535010020,医療法人　岩国みなみ病院,山口,岩国,D: 総数減少,0,60,0,0,60,0,0,0,0,0,0,60,0,0,60,YES,YES
3535030034,徳山病院,山口,周南,D: 総数減少,0,0,78,0,78,0,0,32,0,32,0,0,78,0,78,YES,YES
3939020002,いずみの病院,高知,高知市,D: 総数減少,0,130,60,96,286,0,130,60,48,238,0,130,60,96,286,YES,YES
4040090015,医療法人洗心会 児嶋病院,福岡,飯塚,D: 総数減少,0,44,0,0,44,0,26,0,0,26,0,44,0,0,44,YES,YES
4242010104,長崎みなとメディカルセンター,長崎,長崎,D: 総数減少,47,392,0,0,439,47,354,0,0,401,47,392,0,0,439,YES,YES
4242060010,長崎県五島中央病院,長崎,五島,D: 総数減少,0,140,50,0,190,0,130,50,0,180,0,140,50,0,190,YES,YES
4343010129,帯山中央病院,熊本,熊本市中央区,D: 総数減少,0,0,33,43,76,0,0,33,22,55,0,0,33,43,76,YES,YES
